Name,What asking for,Project Link, needed, donated,Video Posted,Fully Funded,Thank You Posted
Mikayla Wiley,Grille Door,https://donorsee.com/project/272,80,13,TRUE,FALSE,FALSE
Roger Dunlap,Electricity,https://donorsee.com/project/61,50,50,TRUE,TRUE,FALSE
Kyleigh Vang,Cement,https://donorsee.com/project/181,35,35,TRUE,TRUE,FALSE
Mauricio Farmer,Bicycle,,172,0,FALSE,FALSE,FALSE
Hugh Landry,Cement,,14,0,FALSE,FALSE,FALSE
Priscilla Golden,School Fees,https://donorsee.com/project/247,231,215,TRUE,FALSE,FALSE
Xzavier Sloan,School Fees,https://donorsee.com/project/149,231,231,TRUE,TRUE,FALSE
Tyrese Bryant,School Fees,https://donorsee.com/project/298,198,198,TRUE,TRUE,TRUE
Kristen May,School Fees,https://donorsee.com/project/273,165,154,TRUE,FALSE,FALSE
Lindsey Aguilar,Windows,,140,0,FALSE,FALSE,FALSE
Peter Cherry,Plaster,https://donorsee.com/project/47,113,57,TRUE,FALSE,FALSE
Valery Beltran,Plaster,,103,0,FALSE,FALSE,FALSE
Annabella Rodriguez,Plaster,,101,0,FALSE,FALSE,FALSE
Roselyn Weber,School Fees,https://donorsee.com/project/156,165,165,TRUE,TRUE,FALSE
Collin Wilcox,Cement,https://donorsee.com/project/145,14,1,TRUE,FALSE,FALSE
Zane Wright,Plaster,,103,0,FALSE,FALSE,FALSE
Henry Potts,School Fees,https://donorsee.com/project/25,165,97,TRUE,FALSE,FALSE
Kenya Day,School Fees,,99,0,FALSE,FALSE,FALSE
Makai Perry,Grille Door,,110,0,FALSE,FALSE,FALSE
Trey Berry,Electricity,https://donorsee.com/project/65,255,255,TRUE,TRUE,FALSE
Dexter Lyons,Windows,https://donorsee.com/project/209,320,79,TRUE,FALSE,FALSE
Elisha Gilmore,Roof,https://donorsee.com/project/164,153,153,TRUE,TRUE,FALSE
Maximo Cruz,Plaster,,104,0,FALSE,FALSE,FALSE
Jose Hamilton,Plaster,https://donorsee.com/project/262,100,4,TRUE,FALSE,FALSE
Elisha Ibarra,Windows,https://donorsee.com/project/117,256,256,TRUE,TRUE,FALSE
Ty Church,Roof,https://donorsee.com/project/37,195,78,TRUE,FALSE,FALSE
Keely Burke,School Fees,https://donorsee.com/project/249,165,165,TRUE,TRUE,FALSE
Presley Black,Windows,https://donorsee.com/project/183,325,64,TRUE,FALSE,FALSE
Samara Ochoa,Plaster,,103,0,FALSE,FALSE,FALSE
Collin Wilcox,Plaster,,116,0,FALSE,FALSE,FALSE
Camilla Watkins,Plaster,https://donorsee.com/project/100,106,106,TRUE,TRUE,FALSE
Branson Rosario,Bicycle,https://donorsee.com/project/212,166,109,TRUE,FALSE,FALSE
Wade Leach,Cement,https://donorsee.com/project/78,42,34,TRUE,FALSE,FALSE
Mollie Arnold,Grille Door,https://donorsee.com/project/119,88,88,TRUE,TRUE,FALSE
Dillon Nichols,Bicycle,,159,0,FALSE,FALSE,FALSE
Blake Meyers,Windows,https://donorsee.com/project/261,260,0,TRUE,FALSE,FALSE
Kelton Terrell,Grille Door,https://donorsee.com/project/138,54,30,TRUE,FALSE,FALSE
Malik Martinez,Grille Door,https://donorsee.com/project/226,54,9,TRUE,FALSE,FALSE
Dayana Strickland,Cement,,42,0,FALSE,FALSE,FALSE
Liberty Mejia,School Fees,https://donorsee.com/project/151,132,132,TRUE,TRUE,FALSE
Melany Hancock,Cement,,49,0,FALSE,FALSE,FALSE
Zariah Villarreal,School Fees,,132,0,FALSE,FALSE,FALSE
Parker Navarro,Cement,https://donorsee.com/project/232,7,5,TRUE,FALSE,FALSE
Leroy Romero,Plaster,https://donorsee.com/project/2,115,65,TRUE,FALSE,FALSE
Sean Green,School Fees,,33,0,FALSE,FALSE,FALSE
Harry Frank,Windows,,315,0,FALSE,FALSE,FALSE
Dayana Stephenson,School Fees,https://donorsee.com/project/213,165,165,TRUE,TRUE,TRUE
Maximilian Huang,Grille Door,,46,0,FALSE,FALSE,FALSE
Ibrahim Adkins,Cement,https://donorsee.com/project/203,7,7,TRUE,TRUE,FALSE
Arabella Henson,Cement,https://donorsee.com/project/131,49,49,TRUE,TRUE,FALSE
Joshua Kelly,Cement,,28,0,FALSE,FALSE,FALSE
Akira Galvan,Bicycle,https://donorsee.com/project/180,150,150,TRUE,TRUE,TRUE
Joslyn Stuart,Grille Door,,110,0,FALSE,FALSE,FALSE
Lydia Gonzalez,Grille Door,https://donorsee.com/project/201,102,80,TRUE,FALSE,FALSE
Dangelo Gray,Plaster,,103,0,FALSE,FALSE,FALSE
Erik Mills,School Uniforms,,96,0,FALSE,FALSE,FALSE
Leonardo Keith,School Fees,https://donorsee.com/project/26,33,6,TRUE,FALSE,FALSE
Spencer Alexander,School Fees,https://donorsee.com/project/57,132,132,TRUE,TRUE,FALSE
Dayton Saunders,Bicycle,https://donorsee.com/project/152,197,102,TRUE,FALSE,FALSE
Aldo Mullins,Plaster,https://donorsee.com/project/122,100,9,TRUE,FALSE,FALSE
Katie Hooper,Electricity,https://donorsee.com/project/62,50,50,TRUE,TRUE,FALSE
Gabrielle Whitehead,Grille Door,,52,0,FALSE,FALSE,FALSE
Mattie Baxter,Bicycle,https://donorsee.com/project/24,200,16,TRUE,FALSE,FALSE
Brynlee Bentley,Windows,,124,0,FALSE,FALSE,FALSE
Deven Rosario,Plaster,,118,0,FALSE,FALSE,FALSE
Viviana Dougherty,Roof,https://donorsee.com/project/172,170,170,TRUE,TRUE,FALSE
Madison Kennedy,Electricity,https://donorsee.com/project/6,165,165,TRUE,TRUE,FALSE
Kyson Rangel,Cement,https://donorsee.com/project/45,7,3,TRUE,FALSE,FALSE
Patience Barker,Cement,,7,0,FALSE,FALSE,FALSE
Abigayle Todd,School Uniforms,https://donorsee.com/project/296,128,128,TRUE,TRUE,TRUE
Priscilla Arnold,Grille Door,,106,0,FALSE,FALSE,FALSE
Dax Payne,Windows,,64,0,FALSE,FALSE,FALSE
Xander Mckenzie,School Fees,https://donorsee.com/project/74,132,132,TRUE,TRUE,FALSE
Allie Watts,Bicycle,https://donorsee.com/project/133,175,175,TRUE,TRUE,TRUE
Demetrius Haas,Windows,,264,0,FALSE,FALSE,FALSE
Luke Gillespie,Roof,https://donorsee.com/project/283,158,134,TRUE,FALSE,FALSE
Sterling Noble,Cement,,49,0,FALSE,FALSE,FALSE
Nataly Garrison,Roof,,179,0,FALSE,FALSE,FALSE
Juliet Lowery,Plaster,,107,0,FALSE,FALSE,FALSE
Rhett Sanders,Cement,,7,0,FALSE,FALSE,FALSE
Zackery Stein,Windows,https://donorsee.com/project/230,244,202,TRUE,FALSE,FALSE
Avah Kelley,Cement,,14,0,FALSE,FALSE,FALSE
Maci Faulkner,Cement,,42,0,FALSE,FALSE,FALSE
Sarah Cisneros,School Uniforms,,36,0,FALSE,FALSE,FALSE
Rocco Paul,School Fees,https://donorsee.com/project/17,99,99,TRUE,TRUE,FALSE
Jordin Schultz,Electricity,https://donorsee.com/project/72,216,167,TRUE,FALSE,FALSE
Allen Banks,School Fees,,66,0,FALSE,FALSE,FALSE
Cortez Solomon,Grille Door,https://donorsee.com/project/87,44,44,TRUE,TRUE,FALSE
Jesus Watts,Plaster,https://donorsee.com/project/207,105,54,TRUE,FALSE,FALSE
Oswaldo Mcdonald,Cement,https://donorsee.com/project/41,28,19,TRUE,FALSE,FALSE
Adrien Herrera,Windows,,124,0,FALSE,FALSE,FALSE
Audrina Mckinney,School Uniforms,,44,0,FALSE,FALSE,FALSE
Issac Mckee,College Course,https://donorsee.com/project/245,149,91,TRUE,FALSE,FALSE
Xander Todd,School Fees,,231,0,FALSE,FALSE,FALSE
Quintin Ritter,Bicycle,https://donorsee.com/project/279,157,157,TRUE,TRUE,FALSE
Miranda Owen,Roof,,184,0,FALSE,FALSE,FALSE
Krish Schwartz,Plaster,https://donorsee.com/project/208,116,112,TRUE,FALSE,FALSE
Annie Bridges,Cement,https://donorsee.com/project/182,49,26,TRUE,FALSE,FALSE
Addison Dickerson,Plaster,,113,0,FALSE,FALSE,FALSE
Aracely Soto,School Fees,https://donorsee.com/project/101,198,198,TRUE,TRUE,FALSE
Phillip Santiago,Cement,https://donorsee.com/project/110,21,21,TRUE,TRUE,TRUE
Janiah Rose,Plaster,,103,0,FALSE,FALSE,FALSE
Izaiah Beasley,Grille Door,https://donorsee.com/project/127,88,45,TRUE,FALSE,FALSE
Julian Koch,Windows,https://donorsee.com/project/281,256,0,TRUE,FALSE,FALSE
Sterling Sheppard,School Fees,https://donorsee.com/project/46,264,14,TRUE,FALSE,FALSE
Tyrese Potts,School Fees,,165,0,FALSE,FALSE,FALSE
Abigayle Welch,Grille Door,https://donorsee.com/project/214,96,96,TRUE,TRUE,FALSE
Ali Rush,Windows,https://donorsee.com/project/174,68,52,TRUE,FALSE,FALSE
Aliza Harvey,Plaster,,107,0,FALSE,FALSE,FALSE
Joe Salazar,School Fees,https://donorsee.com/project/29,231,92,TRUE,FALSE,FALSE
Chanel Huang,Plaster,https://donorsee.com/project/196,109,109,TRUE,TRUE,TRUE
Ronan Ware,School Fees,,231,0,FALSE,FALSE,FALSE
Fatima Buchanan,Cement,,35,0,FALSE,FALSE,FALSE
Cordell Mora,Windows,https://donorsee.com/project/161,132,30,TRUE,FALSE,FALSE
Lillie Park,School Fees,https://donorsee.com/project/240,264,186,TRUE,FALSE,FALSE
Raymond Alvarez,Electricity,https://donorsee.com/project/79,104,30,TRUE,FALSE,FALSE
Dalton Meyer,Windows,,198,0,FALSE,FALSE,FALSE
Julie Sexton,Grille Door,,41,0,FALSE,FALSE,FALSE
Reese Hancock,Windows,https://donorsee.com/project/263,136,0,TRUE,FALSE,FALSE
Angel Clay,School Fees,https://donorsee.com/project/204,165,100,TRUE,FALSE,FALSE
Jocelynn Hinton,School Fees,https://donorsee.com/project/130,231,231,TRUE,TRUE,FALSE
Iyana Ellis,Plaster,,119,0,FALSE,FALSE,FALSE
Gaven Carroll,College Course,,131,0,FALSE,FALSE,FALSE
Journey Vaughan,School Uniforms,,68,0,FALSE,FALSE,FALSE
Alijah Mcdonald,Plaster,https://donorsee.com/project/106,109,109,TRUE,TRUE,FALSE
Gilbert Howard,School Fees,https://donorsee.com/project/166,66,8,TRUE,FALSE,FALSE
Lillianna Krause,Cement,https://donorsee.com/project/71,49,36,TRUE,FALSE,FALSE
Antony Merritt,Roof,https://donorsee.com/project/112,200,200,TRUE,TRUE,FALSE
Nathalie Pineda,Cement,https://donorsee.com/project/295,21,1,TRUE,FALSE,FALSE
Darian Fletcher,Bicycle,https://donorsee.com/project/257,173,173,TRUE,TRUE,FALSE
Anahi Barrera,Bicycle,,189,0,FALSE,FALSE,FALSE
Clark Summers,School Fees,https://donorsee.com/project/82,66,35,TRUE,FALSE,FALSE
Jenna Rice,Roof,,168,0,FALSE,FALSE,FALSE
Conner Baxter,Cement,https://donorsee.com/project/173,42,42,TRUE,TRUE,FALSE
Sienna Nelson,School Fees,https://donorsee.com/project/4,132,49,TRUE,FALSE,FALSE
Arabella Orr,College Course,,125,0,FALSE,FALSE,FALSE
Abby Duke,Grille Door,https://donorsee.com/project/109,51,51,TRUE,TRUE,TRUE
Maleah Hodge,Plaster,https://donorsee.com/project/90,115,115,TRUE,TRUE,FALSE
Darien Casey,Cement,https://donorsee.com/project/244,42,22,TRUE,FALSE,FALSE
Porter Zuniga,Grille Door,https://donorsee.com/project/94,84,8,TRUE,FALSE,FALSE
Claudia Combs,School Uniforms,https://donorsee.com/project/114,105,105,TRUE,TRUE,FALSE
Gemma Holden,School Fees,https://donorsee.com/project/15,198,44,TRUE,FALSE,FALSE
Monserrat Benton,Cement,,49,0,FALSE,FALSE,FALSE
Madeleine Durham,School Fees,https://donorsee.com/project/198,33,14,TRUE,FALSE,FALSE
Robert Pope,School Uniforms,https://donorsee.com/project/189,40,21,TRUE,FALSE,FALSE
Izabella Hodges,Grille Door,https://donorsee.com/project/191,106,26,TRUE,FALSE,FALSE
Fernanda Garner,Plaster,https://donorsee.com/project/275,115,84,TRUE,FALSE,FALSE
Alicia Valentine,Grille Door,https://donorsee.com/project/202,52,52,TRUE,TRUE,TRUE
Megan Bruce,Plaster,,117,0,FALSE,FALSE,FALSE
Francesca Pham,School Fees,https://donorsee.com/project/28,198,198,TRUE,TRUE,TRUE
Leyla Keith,Cement,https://donorsee.com/project/254,49,49,TRUE,TRUE,FALSE
Aurora Maldonado,Cement,https://donorsee.com/project/252,28,28,TRUE,TRUE,FALSE
Kyla Woods,Roof,,172,0,FALSE,FALSE,FALSE
Heaven Massey,Roof,https://donorsee.com/project/246,193,193,TRUE,TRUE,FALSE
Reagan Vega,Grille Door,,104,0,FALSE,FALSE,FALSE
Cory Barrett,School Fees,https://donorsee.com/project/102,33,33,TRUE,TRUE,FALSE
Brendan Haney,Grille Door,,51,0,FALSE,FALSE,FALSE
Kassidy Todd,Cement,https://donorsee.com/project/241,42,42,TRUE,TRUE,FALSE
Kaelyn Henry,Cement,https://donorsee.com/project/199,14,14,TRUE,TRUE,FALSE
Marquis Rowland,Plaster,https://donorsee.com/project/195,117,100,TRUE,FALSE,FALSE
Maurice Patel,School Uniforms,https://donorsee.com/project/84,70,70,TRUE,TRUE,FALSE
Carson Escobar,Windows,https://donorsee.com/project/193,252,252,TRUE,TRUE,FALSE
Braden Craig,Grille Door,,104,0,FALSE,FALSE,FALSE
Adelaide Molina,School Fees,https://donorsee.com/project/256,198,31,TRUE,FALSE,FALSE
Elisabeth Bailey,School Fees,https://donorsee.com/project/200,231,115,TRUE,FALSE,FALSE
Gillian Murillo,Windows,https://donorsee.com/project/53,124,124,TRUE,TRUE,TRUE
Jayvon Li,Bicycle,https://donorsee.com/project/215,169,169,TRUE,TRUE,FALSE
Matteo Raymond,School Fees,,231,0,FALSE,FALSE,FALSE
Adison Merritt,School Fees,https://donorsee.com/project/1,66,6,TRUE,FALSE,FALSE
Elisa Wiggins,School Fees,https://donorsee.com/project/96,264,194,TRUE,FALSE,FALSE
Angel Macias,Windows,,264,0,FALSE,FALSE,FALSE
Eliezer Ewing,College Course,,149,0,FALSE,FALSE,FALSE
Manuel Berry,School Fees,https://donorsee.com/project/225,231,231,TRUE,TRUE,FALSE
Micah Dean,School Fees,https://donorsee.com/project/69,66,66,TRUE,TRUE,FALSE
Paul Morris,School Fees,https://donorsee.com/project/60,231,153,TRUE,FALSE,FALSE
Abdiel Stokes,Cement,,35,0,FALSE,FALSE,FALSE
Carlee Swanson,School Fees,,33,0,FALSE,FALSE,FALSE
Karissa Boyle,Plaster,,105,0,FALSE,FALSE,FALSE
Lilia Collier,Grille Door,https://donorsee.com/project/222,46,46,TRUE,TRUE,TRUE
Ellis Riddle,Plaster,https://donorsee.com/project/268,119,97,TRUE,FALSE,FALSE
Zaid Smith,Grille Door,,104,0,FALSE,FALSE,FALSE
Natalya Blanchard,School Fees,https://donorsee.com/project/297,165,48,TRUE,FALSE,FALSE
Carlee Ellis,School Fees,https://donorsee.com/project/68,132,132,TRUE,TRUE,FALSE
Amanda Finley,School Fees,https://donorsee.com/project/235,165,165,TRUE,TRUE,FALSE
Luciano Jimenez,Cement,https://donorsee.com/project/136,7,4,TRUE,FALSE,FALSE
Nathan Daniel,Bicycle,https://donorsee.com/project/265,197,197,TRUE,TRUE,FALSE
Alma Mullen,Windows,,264,0,FALSE,FALSE,FALSE
Julissa Wilkinson,Plaster,,113,0,FALSE,FALSE,FALSE
Khalil Thornton,School Fees,,99,0,FALSE,FALSE,FALSE
Gracie Hunt,College Course,https://donorsee.com/project/113,170,170,TRUE,TRUE,FALSE
Alvaro Hobbs,Cement,https://donorsee.com/project/170,28,28,TRUE,TRUE,FALSE
Chasity Rosario,Windows,,280,0,FALSE,FALSE,FALSE
Gunner Vance,Grille Door,https://donorsee.com/project/178,41,41,TRUE,TRUE,FALSE
Isai Marquez,Plaster,https://donorsee.com/project/294,115,115,TRUE,TRUE,FALSE
Armani Stevenson,Grille Door,https://donorsee.com/project/238,42,42,TRUE,TRUE,FALSE
Samson Moreno,Plaster,https://donorsee.com/project/44,117,54,TRUE,FALSE,FALSE
Jane Fernandez,Grille Door,https://donorsee.com/project/211,55,55,TRUE,TRUE,TRUE
Briley Mcneil,Grille Door,,46,0,FALSE,FALSE,FALSE
Chana Deleon,Cement,,35,0,FALSE,FALSE,FALSE
Carsen Howe,School Uniforms,https://donorsee.com/project/194,160,160,TRUE,TRUE,FALSE
Frank Bishop,School Fees,https://donorsee.com/project/205,231,142,TRUE,FALSE,FALSE
Anabella Ibarra,Plaster,https://donorsee.com/project/224,112,12,TRUE,FALSE,FALSE
Jewel Webster,School Fees,,165,0,FALSE,FALSE,FALSE
Christine Bowers,Grille Door,https://donorsee.com/project/125,50,16,TRUE,FALSE,FALSE
Baron Irwin,School Uniforms,https://donorsee.com/project/153,96,96,TRUE,TRUE,FALSE
Annalise Leon,Windows,https://donorsee.com/project/288,134,0,TRUE,FALSE,FALSE
Emilio Romero,Plaster,,107,0,FALSE,FALSE,FALSE
Keegan George,Windows,https://donorsee.com/project/167,345,149,TRUE,FALSE,FALSE
Francisco Braun,Plaster,https://donorsee.com/project/54,119,95,TRUE,FALSE,FALSE
Cherish Key,Plaster,https://donorsee.com/project/16,104,104,TRUE,TRUE,FALSE
Jakob Swanson,Grille Door,,106,0,FALSE,FALSE,FALSE
Allyson Hart,Plaster,https://donorsee.com/project/206,100,97,TRUE,FALSE,FALSE
Ingrid Owen,Plaster,https://donorsee.com/project/99,100,87,TRUE,FALSE,FALSE
Regan Maddox,School Uniforms,,200,0,FALSE,FALSE,FALSE
Kaiya Smith,School Fees,https://donorsee.com/project/91,99,69,TRUE,FALSE,FALSE
Kennedy Garrett,School Fees,https://donorsee.com/project/223,66,66,TRUE,TRUE,FALSE
Dallas Nixon,Bicycle,,153,0,FALSE,FALSE,FALSE
Sasha Ferguson,Cement,,42,0,FALSE,FALSE,FALSE
Amara Durham,Plaster,,100,0,FALSE,FALSE,FALSE
Paulina Crane,Plaster,,119,0,FALSE,FALSE,FALSE
Laney Davenport,Windows,,350,0,FALSE,FALSE,FALSE
Louis Bishop,Windows,https://donorsee.com/project/70,65,61,TRUE,FALSE,FALSE
Edwin Fowler,School Uniforms,,200,0,FALSE,FALSE,FALSE
Edith Snyder,Plaster,https://donorsee.com/project/258,105,48,TRUE,FALSE,FALSE
Jase Harrell,Bicycle,https://donorsee.com/project/234,158,59,TRUE,FALSE,FALSE
Lucian Matthews,Electricity,https://donorsee.com/project/10,51,51,TRUE,TRUE,FALSE
Armani Crosby,Electricity,https://donorsee.com/project/36,260,260,TRUE,TRUE,FALSE
Dylan Bradford,Plaster,https://donorsee.com/project/104,115,115,TRUE,TRUE,TRUE
Kamryn Collins,Plaster,https://donorsee.com/project/76,113,36,TRUE,FALSE,FALSE
Mallory Gonzales,Windows,,66,0,FALSE,FALSE,FALSE
Aidyn Mercado,Plaster,,117,0,FALSE,FALSE,FALSE
Lilyana Eaton,Plaster,,103,0,FALSE,FALSE,FALSE
Kadin Branch,Grille Door,https://donorsee.com/project/171,92,92,TRUE,TRUE,FALSE
Ben Brooks,School Uniforms,https://donorsee.com/project/19,28,28,TRUE,TRUE,FALSE
Miley Henry,Cement,https://donorsee.com/project/81,35,35,TRUE,TRUE,FALSE
Alexia Mayer,Grille Door,https://donorsee.com/project/274,80,80,TRUE,TRUE,FALSE
Hayley Hunter,Plaster,https://donorsee.com/project/228,119,30,TRUE,FALSE,FALSE
Lorenzo Scott,Plaster,https://donorsee.com/project/59,114,67,TRUE,FALSE,FALSE
Scarlett Dawson,School Fees,,132,0,FALSE,FALSE,FALSE
Desiree Patton,Cement,,7,0,FALSE,FALSE,FALSE
Jamiya Huff,Windows,https://donorsee.com/project/39,276,276,TRUE,TRUE,FALSE
Rylee Mercado,Cement,https://donorsee.com/project/73,35,1,TRUE,FALSE,FALSE
Jessica Fletcher,Bicycle,,191,0,FALSE,FALSE,FALSE
Nadia Newton,Cement,https://donorsee.com/project/248,7,7,TRUE,TRUE,FALSE
Andre Cooper,Electricity,https://donorsee.com/project/56,200,200,TRUE,TRUE,TRUE
Kieran Middleton,Windows,https://donorsee.com/project/251,138,0,TRUE,FALSE,FALSE
Hadassah Schroeder,Plaster,,100,0,FALSE,FALSE,FALSE
Landen Sampson,Plaster,https://donorsee.com/project/51,103,103,TRUE,TRUE,FALSE
Wesley Cisneros,School Fees,,264,0,FALSE,FALSE,FALSE
Jayden Dyer,Plaster,,118,0,FALSE,FALSE,FALSE
Davion Carpenter,Plaster,,104,0,FALSE,FALSE,FALSE
Joanna Fitzpatrick,Windows,,120,0,FALSE,FALSE,FALSE
Myah Reyes,Cement,,21,0,FALSE,FALSE,FALSE
April Gonzalez,Plaster,https://donorsee.com/project/187,111,111,TRUE,TRUE,FALSE
Savion Meyer,Grille Door,,54,0,FALSE,FALSE,FALSE
Eliana Hatfield,Bicycle,https://donorsee.com/project/7,188,188,TRUE,TRUE,FALSE
Romeo Fry,School Uniforms,https://donorsee.com/project/148,28,14,TRUE,FALSE,FALSE
Carlie Mercado,Windows,https://donorsee.com/project/42,340,340,TRUE,TRUE,FALSE
Jesus Haney,School Fees,,264,0,FALSE,FALSE,FALSE
Cole Bradley,Grille Door,https://donorsee.com/project/184,46,46,TRUE,TRUE,FALSE
Elvis Herring,Bicycle,,165,0,FALSE,FALSE,FALSE
Gilbert Espinoza,Cement,,42,0,FALSE,FALSE,FALSE
Damian Zuniga,School Fees,,231,0,FALSE,FALSE,FALSE
Marlee Hays,Cement,,21,0,FALSE,FALSE,FALSE
Gaige Hudson,Cement,https://donorsee.com/project/20,28,12,TRUE,FALSE,FALSE
Michaela Parsons,Cement,,14,0,FALSE,FALSE,FALSE
Kailyn Walls,School Fees,https://donorsee.com/project/35,132,132,TRUE,TRUE,TRUE
Ronin Chandler,Plaster,,104,0,FALSE,FALSE,FALSE
Mauricio Boyer,School Fees,,165,0,FALSE,FALSE,FALSE
Louis Ross,Plaster,https://donorsee.com/project/179,100,28,TRUE,FALSE,FALSE
Felicity Short,Grille Door,,44,0,FALSE,FALSE,FALSE
Shyanne Hoover,Windows,https://donorsee.com/project/169,136,6,TRUE,FALSE,FALSE
Nancy Mcintyre,Grille Door,https://donorsee.com/project/88,90,68,TRUE,FALSE,FALSE
Dayton Green,Windows,,189,0,FALSE,FALSE,FALSE
Benjamin Hays,Electricity,https://donorsee.com/project/75,255,95,TRUE,FALSE,FALSE
Omari Coleman,Plaster,https://donorsee.com/project/27,111,94,TRUE,FALSE,FALSE
Noel Chan,Windows,https://donorsee.com/project/52,330,330,TRUE,TRUE,FALSE
Emmalee Mcneil,School Fees,,99,0,FALSE,FALSE,FALSE
Justin Norman,School Fees,,66,0,FALSE,FALSE,FALSE
Elsie Frank,Cement,https://donorsee.com/project/139,28,28,TRUE,TRUE,FALSE
Emelia Richards,Grille Door,,84,0,FALSE,FALSE,FALSE
Lorena Bowers,Windows,https://donorsee.com/project/12,66,66,TRUE,TRUE,TRUE
Margaret Hoover,Bicycle,https://donorsee.com/project/175,152,31,TRUE,FALSE,FALSE
Janae Knight,School Fees,,99,0,FALSE,FALSE,FALSE
Brody Horne,Cement,,49,0,FALSE,FALSE,FALSE
Brody Spencer,Electricity,https://donorsee.com/project/259,104,26,TRUE,FALSE,FALSE
Keely Durham,School Uniforms,,13,0,FALSE,FALSE,FALSE
Tristan Ho,Cement,https://donorsee.com/project/270,14,4,TRUE,FALSE,FALSE
Camren Hanna,Windows,,268,0,FALSE,FALSE,FALSE
Teagan Callahan,Grille Door,https://donorsee.com/project/227,44,3,TRUE,FALSE,FALSE
Alayna Gibbs,Plaster,,115,0,FALSE,FALSE,FALSE
Kaylyn Mcneil,Plaster,https://donorsee.com/project/38,116,116,TRUE,TRUE,FALSE
Ella Herman,Grille Door,https://donorsee.com/project/118,45,33,TRUE,FALSE,FALSE
Alicia Arnold,School Fees,https://donorsee.com/project/92,132,132,TRUE,TRUE,FALSE
Urijah Brady,Windows,https://donorsee.com/project/188,330,171,TRUE,FALSE,FALSE
Damon Cabrera,Plaster,https://donorsee.com/project/221,108,46,TRUE,FALSE,FALSE
Carla Mejia,Grille Door,,104,0,FALSE,FALSE,FALSE
Araceli Lynn,Cement,,35,0,FALSE,FALSE,FALSE
Akira Stanton,Plaster,https://donorsee.com/project/154,112,8,TRUE,FALSE,FALSE
Haleigh Gonzalez,Bicycle,,184,0,FALSE,FALSE,FALSE
George Arellano,Cement,https://donorsee.com/project/192,35,35,TRUE,TRUE,FALSE
Mattie Dougherty,Cement,,49,0,FALSE,FALSE,FALSE
Patience Phelps,School Uniforms,https://donorsee.com/project/34,80,80,TRUE,TRUE,FALSE
Gisselle Mccarty,School Fees,https://donorsee.com/project/233,132,34,TRUE,FALSE,FALSE
Ryan Contreras,Windows,https://donorsee.com/project/158,272,272,TRUE,TRUE,FALSE
Drew Patton,School Uniforms,https://donorsee.com/project/126,72,72,TRUE,TRUE,FALSE
Brenna Ibarra,School Fees,,198,0,FALSE,FALSE,FALSE
Arely Hoover,Plaster,,109,0,FALSE,FALSE,FALSE
Genesis Raymond,School Fees,https://donorsee.com/project/277,165,165,TRUE,TRUE,FALSE
Layne Wright,School Fees,https://donorsee.com/project/89,66,15,TRUE,FALSE,FALSE
Leia Zhang,Roof,,154,0,FALSE,FALSE,FALSE
Aileen Underwood,School Uniforms,,154,0,FALSE,FALSE,FALSE
Janelle Blankenship,Bicycle,https://donorsee.com/project/135,170,141,TRUE,FALSE,FALSE
Lucy Frederick,Plaster,https://donorsee.com/project/185,104,34,TRUE,FALSE,FALSE
Beckham Zhang,Plaster,,116,0,FALSE,FALSE,FALSE
Alayna Levine,School Uniforms,,60,0,FALSE,FALSE,FALSE
Jair Pacheco,Plaster,https://donorsee.com/project/134,104,104,TRUE,TRUE,FALSE
Aspen Kim,School Fees,https://donorsee.com/project/218,264,264,TRUE,TRUE,FALSE
Kaiya Figueroa,Electricity,https://donorsee.com/project/77,255,255,TRUE,TRUE,FALSE
Matthew Cabrera,Grille Door,,43,0,FALSE,FALSE,FALSE
Malia Martin,Windows,,207,0,FALSE,FALSE,FALSE
Brogan Lawrence,Grille Door,,88,0,FALSE,FALSE,FALSE
Micah Ali,Cement,https://donorsee.com/project/32,14,4,TRUE,FALSE,FALSE
Taylor Terry,Roof,https://donorsee.com/project/242,192,185,TRUE,FALSE,FALSE
Finn Wilcox,Plaster,https://donorsee.com/project/129,111,111,TRUE,TRUE,FALSE
Gael Cannon,College Course,,149,0,FALSE,FALSE,FALSE
Amira Marquez,Grille Door,,98,0,FALSE,FALSE,FALSE
Lilian Byrd,Bicycle,,195,0,FALSE,FALSE,FALSE
Lola Richardson,School Fees,https://donorsee.com/project/267,231,231,TRUE,TRUE,FALSE
Annabella Simmons,Windows,https://donorsee.com/project/86,320,4,TRUE,FALSE,FALSE
Liana Ball,Bicycle,https://donorsee.com/project/33,171,54,TRUE,FALSE,FALSE
Ralph Day,Windows,https://donorsee.com/project/97,320,234,TRUE,FALSE,FALSE
Jermaine Holt,School Uniforms,https://donorsee.com/project/143,24,24,TRUE,TRUE,FALSE
Allie Andrade,Bicycle,,195,0,FALSE,FALSE,FALSE
Harley Beasley,Plaster,,107,0,FALSE,FALSE,FALSE
Rayna Mckenzie,Plaster,https://donorsee.com/project/285,108,108,TRUE,TRUE,FALSE
Aydin Sanders,School Fees,,99,0,FALSE,FALSE,FALSE
Faith Alvarez,Plaster,https://donorsee.com/project/260,103,67,TRUE,FALSE,FALSE
Kaia Pitts,School Fees,,99,0,FALSE,FALSE,FALSE
Jazlene Woods,Windows,,207,0,FALSE,FALSE,FALSE
Kamila David,School Uniforms,https://donorsee.com/project/50,114,34,TRUE,FALSE,FALSE
Aldo Marsh,School Fees,https://donorsee.com/project/13,33,16,TRUE,FALSE,FALSE
Alexzander Jordan,School Uniforms,https://donorsee.com/project/85,21,17,TRUE,FALSE,FALSE
Ronan Gross,School Fees,,132,0,FALSE,FALSE,FALSE
Kyan Huffman,Roof,https://donorsee.com/project/14,199,169,TRUE,FALSE,FALSE
Jaidyn Medina,Grille Door,,48,0,FALSE,FALSE,FALSE
Jeffrey Levine,School Fees,,198,0,FALSE,FALSE,FALSE
Araceli Nguyen,Electricity,https://donorsee.com/project/8,250,250,TRUE,TRUE,FALSE
Raven Conrad,School Uniforms,https://donorsee.com/project/146,24,15,TRUE,FALSE,FALSE
Danielle Carr,School Fees,https://donorsee.com/project/293,198,198,TRUE,TRUE,FALSE
Isabella Wu,Bicycle,https://donorsee.com/project/43,160,20,TRUE,FALSE,FALSE
Quinten Potts,Roof,,154,0,FALSE,FALSE,FALSE
Cullen Daniels,Plaster,,116,0,FALSE,FALSE,FALSE
Pablo Hobbs,Plaster,https://donorsee.com/project/176,114,114,TRUE,TRUE,FALSE
Grace Miranda,Roof,https://donorsee.com/project/121,195,195,TRUE,TRUE,FALSE
Patrick Mcknight,Plaster,,107,0,FALSE,FALSE,FALSE
Lizbeth Johnson,Cement,,7,0,FALSE,FALSE,FALSE
Milton Malone,Plaster,https://donorsee.com/project/80,116,116,TRUE,TRUE,FALSE
Corinne Mcknight,Grille Door,https://donorsee.com/project/290,82,70,TRUE,FALSE,FALSE
Jaylin Adams,Bicycle,,170,0,FALSE,FALSE,FALSE
Molly Mcintosh,Grille Door,,50,0,FALSE,FALSE,FALSE
Davion Edwards,Windows,,256,0,FALSE,FALSE,FALSE
Warren Mccoy,Bicycle,,166,0,FALSE,FALSE,FALSE
Marshall Braun,School Fees,,132,0,FALSE,FALSE,FALSE
Mark Irwin,School Fees,https://donorsee.com/project/292,264,264,TRUE,TRUE,FALSE
Alexa Stanton,School Uniforms,,60,0,FALSE,FALSE,FALSE
Alissa Melendez,Cement,https://donorsee.com/project/23,14,14,TRUE,TRUE,FALSE
Humberto Bolton,Grille Door,https://donorsee.com/project/147,52,52,TRUE,TRUE,FALSE
Mohamed Zamora,Grille Door,,51,0,FALSE,FALSE,FALSE
Kelsey Duffy,Windows,,204,0,FALSE,FALSE,FALSE
Clare Ortega,Plaster,https://donorsee.com/project/40,111,111,TRUE,TRUE,FALSE
Keegan Mcmillan,Plaster,,111,0,FALSE,FALSE,FALSE
Virginia Roberson,Plaster,,109,0,FALSE,FALSE,FALSE
Lorelai Gonzalez,School Fees,https://donorsee.com/project/269,33,23,TRUE,FALSE,FALSE
Gretchen Mccarthy,Cement,https://donorsee.com/project/231,49,49,TRUE,TRUE,FALSE
Rene Kline,Cement,https://donorsee.com/project/255,21,21,TRUE,TRUE,FALSE
Lea Bean,Grille Door,,41,0,FALSE,FALSE,FALSE
Cooper Durham,Windows,https://donorsee.com/project/157,210,136,TRUE,FALSE,FALSE
Daphne Boone,Windows,https://donorsee.com/project/168,136,42,TRUE,FALSE,FALSE
Samson Holland,Cement,https://donorsee.com/project/49,49,42,TRUE,FALSE,FALSE
Jaidyn Briggs,College Course,,173,0,FALSE,FALSE,FALSE
Jaydan Lindsey,Bicycle,https://donorsee.com/project/276,199,199,TRUE,TRUE,FALSE
Salvador Howell,Grille Door,,84,0,FALSE,FALSE,FALSE
Lucia Combs,School Uniforms,https://donorsee.com/project/66,184,184,TRUE,TRUE,FALSE
Damion Hancock,School Uniforms,,50,0,FALSE,FALSE,FALSE
Keon Dean,Plaster,,110,0,FALSE,FALSE,FALSE
Pranav Cardenas,Plaster,,103,0,FALSE,FALSE,FALSE
Alvaro Hardy,Windows,https://donorsee.com/project/155,276,201,TRUE,FALSE,FALSE
Messiah Coleman,School Fees,,99,0,FALSE,FALSE,FALSE
Angela Miller,Windows,,252,0,FALSE,FALSE,FALSE
Jenna Fowler,Cement,,49,0,FALSE,FALSE,FALSE
Kael Moss,Plaster,https://donorsee.com/project/144,105,14,TRUE,FALSE,FALSE
Finn Thompson,Cement,,14,0,FALSE,FALSE,FALSE
Santino Lawrence,Bicycle,https://donorsee.com/project/190,154,83,TRUE,FALSE,FALSE
Desirae Pennington,Plaster,https://donorsee.com/project/162,119,63,TRUE,FALSE,FALSE
Oliver Hansen,Plaster,https://donorsee.com/project/159,117,93,TRUE,FALSE,FALSE
Siena Bryan,Plaster,https://donorsee.com/project/116,119,86,TRUE,FALSE,FALSE
Melissa Marshall,Plaster,https://donorsee.com/project/105,103,6,TRUE,FALSE,FALSE
Edwin Cole,Cement,https://donorsee.com/project/210,49,49,TRUE,TRUE,FALSE
August Rowe,Grille Door,https://donorsee.com/project/243,80,80,TRUE,TRUE,FALSE
Adriana Mejia,Grille Door,,82,0,FALSE,FALSE,FALSE
Manuel Austin,Plaster,,109,0,FALSE,FALSE,FALSE
Dwayne English,Roof,,165,0,FALSE,FALSE,FALSE
Mariela Larsen,Cement,https://donorsee.com/project/217,42,42,TRUE,TRUE,FALSE
Kareem Marquez,Windows,,128,0,FALSE,FALSE,FALSE
Layton Molina,Roof,,151,0,FALSE,FALSE,FALSE
Luciana Ferrell,Grille Door,https://donorsee.com/project/123,98,98,TRUE,TRUE,FALSE
Benjamin Grimes,School Uniforms,https://donorsee.com/project/271,15,15,TRUE,TRUE,FALSE
Kierra Espinoza,Roof,https://donorsee.com/project/11,190,12,TRUE,FALSE,FALSE
Uriel Murray,Plaster,https://donorsee.com/project/278,110,110,TRUE,TRUE,FALSE
Elliana Barrera,Cement,https://donorsee.com/project/163,42,42,TRUE,TRUE,FALSE
Moises Esparza,Windows,https://donorsee.com/project/64,198,198,TRUE,TRUE,FALSE
Matthew French,School Fees,https://donorsee.com/project/55,198,93,TRUE,FALSE,FALSE
Kiera Franco,Grille Door,,108,0,FALSE,FALSE,FALSE
Jayson Adams,Cement,https://donorsee.com/project/18,35,35,TRUE,TRUE,TRUE
Ismael Nolan,Bicycle,,154,0,FALSE,FALSE,FALSE
Aydan Krueger,Grille Door,https://donorsee.com/project/132,84,84,TRUE,TRUE,FALSE
Alec Keller,School Fees,https://donorsee.com/project/9,198,198,TRUE,TRUE,FALSE
Cortez Campbell,School Fees,,99,0,FALSE,FALSE,FALSE
Luis Chan,Bicycle,https://donorsee.com/project/264,169,60,TRUE,FALSE,FALSE
Griffin Lamb,Cement,https://donorsee.com/project/165,28,27,TRUE,FALSE,FALSE
Reid Hardin,Bicycle,https://donorsee.com/project/229,163,163,TRUE,TRUE,FALSE
Kiera Neal,Bicycle,,159,0,FALSE,FALSE,FALSE
Cullen Guerrero,School Fees,https://donorsee.com/project/137,165,165,TRUE,TRUE,FALSE
Zayden Vargas,Grille Door,https://donorsee.com/project/120,46,46,TRUE,TRUE,FALSE
Cesar Dillon,School Uniforms,,34,0,FALSE,FALSE,FALSE
Cannon Kirk,School Uniforms,,60,0,FALSE,FALSE,FALSE
Sloane Blackwell,Cement,https://donorsee.com/project/67,7,7,TRUE,TRUE,FALSE
Cullen Warner,School Fees,https://donorsee.com/project/3,99,99,TRUE,TRUE,FALSE
Simone Dodson,Plaster,https://donorsee.com/project/31,115,14,TRUE,FALSE,FALSE
Easton Malone,Plaster,https://donorsee.com/project/108,108,45,TRUE,FALSE,FALSE
Spencer Mccarthy,Cement,,42,0,FALSE,FALSE,FALSE
Erick Huff,Roof,https://donorsee.com/project/107,155,155,TRUE,TRUE,FALSE
Kash Thornton,Grille Door,,42,0,FALSE,FALSE,FALSE
Monserrat Pitts,Grille Door,https://donorsee.com/project/95,92,9,TRUE,FALSE,FALSE
Jovani Copeland,Cement,https://donorsee.com/project/142,21,20,TRUE,FALSE,FALSE
Jaime Harris,Plaster,,114,0,FALSE,FALSE,FALSE
Jamarcus Todd,Cement,,21,0,FALSE,FALSE,FALSE
Rory Gamble,Plaster,,106,0,FALSE,FALSE,FALSE
Lena Clark,Grille Door,https://donorsee.com/project/291,52,52,TRUE,TRUE,FALSE
Larry Bentley,School Uniforms,https://donorsee.com/project/253,63,63,TRUE,TRUE,FALSE
Peter Lyons,Windows,https://donorsee.com/project/5,186,186,TRUE,TRUE,FALSE
Jennifer Guzman,Grille Door,,90,0,FALSE,FALSE,FALSE
Zaniyah Calderon,School Uniforms,https://donorsee.com/project/289,104,104,TRUE,TRUE,FALSE
Macie Townsend,Grille Door,https://donorsee.com/project/250,110,110,TRUE,TRUE,FALSE
Messiah Monroe,Bicycle,,189,0,FALSE,FALSE,FALSE
Eddie Hebert,Grille Door,,45,0,FALSE,FALSE,FALSE
Marquise Mccullough,School Fees,,264,0,FALSE,FALSE,FALSE
Quincy Mata,Cement,https://donorsee.com/project/237,49,49,TRUE,TRUE,FALSE
Moises Neal,School Fees,https://donorsee.com/project/280,264,132,TRUE,FALSE,FALSE
Kamron Sutton,Cement,https://donorsee.com/project/150,49,38,TRUE,FALSE,FALSE
Deja Rivers,School Fees,,198,0,FALSE,FALSE,FALSE
Emmanuel Glass,Bicycle,,192,0,FALSE,FALSE,FALSE
Donna Yang,Plaster,https://donorsee.com/project/266,101,101,TRUE,TRUE,FALSE
Vance Stafford,School Fees,https://donorsee.com/project/30,198,198,TRUE,TRUE,FALSE
Khalil Waller,Windows,https://donorsee.com/project/21,320,14,TRUE,FALSE,FALSE
Romeo Lamb,Windows,https://donorsee.com/project/239,198,0,TRUE,FALSE,FALSE
Georgia Donaldson,Windows,https://donorsee.com/project/48,335,335,TRUE,TRUE,FALSE
Kaya Fitzgerald,Roof,,179,0,FALSE,FALSE,FALSE
Maurice Baxter,Electricity,https://donorsee.com/project/22,220,220,TRUE,TRUE,TRUE
Fernanda Lamb,Grille Door,https://donorsee.com/project/140,44,44,TRUE,TRUE,FALSE
Reyna Wang,Cement,https://donorsee.com/project/197,28,28,TRUE,TRUE,FALSE
Ivan Palmer,Bicycle,,180,0,FALSE,FALSE,FALSE
Zachery Turner,Cement,,49,0,FALSE,FALSE,FALSE
Immanuel Smith,Cement,https://donorsee.com/project/282,42,42,TRUE,TRUE,FALSE
Araceli Cummings,Roof,https://donorsee.com/project/98,160,160,TRUE,TRUE,FALSE
Amiya Hubbard,Cement,,21,0,FALSE,FALSE,FALSE
Bo Maldonado,Grille Door,,100,0,FALSE,FALSE,FALSE
Emilio Hancock,College Course,https://donorsee.com/project/236,197,197,TRUE,TRUE,FALSE
Micah Zuniga,Grille Door,https://donorsee.com/project/93,48,48,TRUE,TRUE,FALSE
Nataly Merritt,Windows,https://donorsee.com/project/115,252,112,TRUE,FALSE,FALSE
Frances Mcdowell,School Fees,https://donorsee.com/project/286,99,99,TRUE,TRUE,FALSE
Dalia Coleman,Grille Door,https://donorsee.com/project/299,41,41,TRUE,TRUE,FALSE
Joanna Aguilar,Grille Door,https://donorsee.com/project/124,110,108,TRUE,FALSE,FALSE
Isabel Leon,Bicycle,https://donorsee.com/project/160,188,130,TRUE,FALSE,FALSE
Dax Hodges,Cement,,49,0,FALSE,FALSE,FALSE
Annie Horne,Cement,https://donorsee.com/project/128,49,49,TRUE,TRUE,FALSE
Paula Owen,Plaster,,116,0,FALSE,FALSE,FALSE
Vanessa Glenn,Plaster,,111,0,FALSE,FALSE,FALSE
Barbara Martinez,Grille Door,https://donorsee.com/project/111,102,102,TRUE,TRUE,TRUE
Ben Kidd,Grille Door,,50,0,FALSE,FALSE,FALSE
Carsen Martinez,Cement,https://donorsee.com/project/103,7,7,TRUE,TRUE,FALSE
Rogelio Frost,Plaster,https://donorsee.com/project/216,113,113,TRUE,TRUE,FALSE
Branson Stanton,Plaster,,109,0,FALSE,FALSE,FALSE
Yaritza Hutchinson,Cement,,14,0,FALSE,FALSE,FALSE
Danny Velazquez,Grille Door,https://donorsee.com/project/220,94,35,TRUE,FALSE,FALSE
Rylan Cook,Plaster,,107,0,FALSE,FALSE,FALSE
Joshua Kane,Grille Door,https://donorsee.com/project/83,108,108,TRUE,FALSE,FALSE
London Fuller,School Fees,,66,0,FALSE,FALSE,FALSE
Macy Zhang,Cement,https://donorsee.com/project/219,42,42,TRUE,TRUE,FALSE
Nolan Hurley,Cement,https://donorsee.com/project/186,21,21,TRUE,TRUE,FALSE
Adrienne Bridges,Cement,,21,0,FALSE,FALSE,FALSE
Alisson Ray,Windows,,70,0,FALSE,FALSE,FALSE
Laney Mclaughlin,College Course,https://donorsee.com/project/177,182,182,TRUE,TRUE,FALSE
Estrella Pena,Cement,,28,0,FALSE,FALSE,FALSE
Carla Manning,Cement,https://donorsee.com/project/63,28,22,TRUE,FALSE,FALSE
Carolina Waters,Windows,https://donorsee.com/project/287,195,195,TRUE,TRUE,FALSE
Hana Maddox,Grille Door,https://donorsee.com/project/141,45,2,TRUE,FALSE,FALSE
Jarrett Moore,School Fees,https://donorsee.com/project/284,231,231,TRUE,TRUE,FALSE
Savanna Spencer,Cement,https://donorsee.com/project/58,42,42,TRUE,TRUE,TRUE
